2026-01-01	06:31	08:32	12:35	14:10	16:29	18:16
2026-01-02	06:31	08:32	12:36	14:11	16:30	18:16
2026-01-03	06:31	08:31	12:36	14:12	16:31	18:17
2026-01-04	06:31	08:31	12:37	14:13	16:32	18:18
2026-01-05	06:31	08:31	12:37	14:14	16:33	18:19
2026-01-06	06:31	08:31	12:37	14:15	16:34	18:21
2026-01-07	06:31	08:30	12:38	14:16	16:36	18:22
2026-01-08	06:30	08:30	12:38	14:17	16:37	18:23
2026-01-09	06:30	08:29	12:39	14:18	16:39	18:24
2026-01-10	06:30	08:28	12:39	14:19	16:40	18:25
2026-01-11	06:29	08:28	12:40	14:20	16:41	18:26
2026-01-12	06:29	08:27	12:40	14:22	16:43	18:28
2026-01-13	06:28	08:26	12:40	14:23	16:44	18:29
2026-01-14	06:28	08:25	12:41	14:24	16:46	18:30
2026-01-15	06:27	08:25	12:41	14:26	16:48	18:31
2026-01-16	06:27	08:24	12:41	14:27	16:49	18:33
2026-01-17	06:26	08:23	12:42	14:28	16:51	18:34
2026-01-18	06:25	08:22	12:42	14:30	16:53	18:35
2026-01-19	06:25	08:21	12:42	14:31	16:54	18:37
2026-01-20	06:24	08:20	12:43	14:32	16:56	18:38
2026-01-21	06:23	08:18	12:43	14:34	16:58	18:40
2026-01-22	06:22	08:17	12:43	14:35	16:59	18:41
2026-01-23	06:21	08:16	12:44	14:37	17:01	18:43
2026-01-24	06:20	08:15	12:44	14:38	17:03	18:44
2026-01-25	06:19	08:13	12:44	14:40	17:05	18:46
2026-01-26	06:18	08:12	12:44	14:41	17:07	18:47
2026-01-27	06:17	08:10	12:44	14:43	17:09	18:49
2026-01-28	06:16	08:09	12:45	14:44	17:10	18:50
2026-01-29	06:15	08:08	12:45	14:46	17:12	18:52
2026-01-30	06:13	08:06	12:45	14:47	17:14	18:53
2026-01-31	06:12	08:04	12:45	14:49	17:16	18:55
2026-02-01	06:11	08:03	12:45	14:50	17:18	18:57
2026-02-02	06:10	08:01	12:45	14:52	17:20	18:58
2026-02-03	06:08	08:00	12:46	14:53	17:22	19:00
2026-02-04	06:07	07:58	12:46	14:55	17:24	19:01
2026-02-05	06:05	07:56	12:46	14:56	17:25	19:03
2026-02-06	06:04	07:54	12:46	14:58	17:27	19:05
2026-02-07	06:02	07:53	12:46	14:59	17:29	19:06
2026-02-08	06:01	07:51	12:46	15:01	17:31	19:08
2026-02-09	05:59	07:49	12:46	15:02	17:33	19:10
2026-02-10	05:57	07:47	12:46	15:04	17:35	19:11
2026-02-11	05:56	07:45	12:46	15:05	17:37	19:13
2026-02-12	05:54	07:43	12:46	15:07	17:39	19:15
2026-02-13	05:52	07:41	12:46	15:08	17:41	19:17
2026-02-14	05:51	07:39	12:46	15:10	17:43	19:18
2026-02-15	05:49	07:37	12:46	15:11	17:45	19:20
2026-02-16	05:47	07:35	12:46	15:13	17:47	19:22
2026-02-17	05:45	07:33	12:46	15:14	17:49	19:23
2026-02-18	05:43	07:31	12:46	15:16	17:50	19:25
2026-02-19	05:41	07:29	12:46	15:17	17:52	19:27
2026-02-20	05:39	07:27	12:46	15:18	17:54	19:29
2026-02-21	05:37	07:25	12:45	15:20	17:56	19:30
2026-02-22	05:35	07:23	12:45	15:21	17:58	19:32
2026-02-23	05:33	07:21	12:45	15:23	18:00	19:34
2026-02-24	05:31	07:18	12:45	15:24	18:02	19:36
2026-02-25	05:29	07:16	12:45	15:25	18:04	19:38
2026-02-26	05:27	07:14	12:45	15:27	18:06	19:39
2026-02-27	05:25	07:12	12:45	15:28	18:07	19:41
2026-02-28	05:22	07:10	12:44	15:29	18:09	19:43
2026-03-01	05:20	07:07	12:44	15:31	18:11	19:45
2026-03-02	05:18	07:05	12:44	15:32	18:13	19:47
2026-03-03	05:16	07:03	12:44	15:33	18:15	19:49
2026-03-04	05:13	07:01	12:44	15:35	18:17	19:50
2026-03-05	05:11	06:58	12:43	15:36	18:19	19:52
2026-03-06	05:09	06:56	12:43	15:37	18:20	19:54
2026-03-07	05:06	06:54	12:43	15:39	18:22	19:56
2026-03-08	05:04	06:51	12:43	15:40	18:24	19:58
2026-03-09	05:01	06:49	12:42	15:41	18:26	20:00
2026-03-10	04:59	06:47	12:42	15:42	18:28	20:02
2026-03-11	04:57	06:44	12:42	15:44	18:30	20:04
2026-03-12	04:54	06:42	12:42	15:45	18:31	20:06
2026-03-13	04:52	06:40	12:41	15:46	18:33	20:07
2026-03-14	04:49	06:37	12:41	15:47	18:35	20:09
2026-03-15	04:46	06:35	12:41	15:48	18:37	20:11
2026-03-16	04:44	06:33	12:41	15:49	18:39	20:13
2026-03-17	04:41	06:30	12:40	15:51	18:40	20:15
2026-03-18	04:39	06:28	12:40	15:52	18:42	20:17
2026-03-19	04:36	06:26	12:40	15:53	18:44	20:19
2026-03-20	04:33	06:23	12:39	15:54	18:46	20:21
2026-03-21	04:30	06:21	12:39	15:55	18:47	20:23
2026-03-22	04:28	06:18	12:39	15:56	18:49	20:25
2026-03-23	04:25	06:16	12:39	15:57	18:51	20:28
2026-03-24	04:22	06:14	12:38	15:58	18:53	20:30
2026-03-25	04:19	06:11	12:38	15:59	18:55	20:32
2026-03-26	04:17	06:09	12:38	16:00	18:56	20:34
2026-03-27	04:14	06:07	12:37	16:01	18:58	20:36
2026-03-28	04:11	06:04	12:37	16:02	19:00	20:38
2026-03-29	05:08	07:02	13:37	17:03	20:02	21:40
2026-03-30	05:05	06:59	13:36	17:04	20:03	21:42
2026-03-31	05:02	06:57	13:36	17:05	20:05	21:45
2026-04-01	04:59	06:55	13:36	17:06	20:07	21:47
2026-04-02	04:56	06:52	13:36	17:07	20:09	21:49
2026-04-03	04:53	06:50	13:35	17:08	20:11	21:51
2026-04-04	04:50	06:48	13:35	17:09	20:12	21:54
2026-04-05	04:47	06:45	13:35	17:10	20:14	21:56
2026-04-06	04:44	06:43	13:34	17:11	20:16	21:58
2026-04-07	04:41	06:41	13:34	17:12	20:18	22:01
2026-04-08	04:38	06:38	13:34	17:13	20:19	22:03
2026-04-09	04:35	06:36	13:34	17:14	20:21	22:05
2026-04-10	04:32	06:34	13:33	17:15	20:23	22:08
2026-04-11	04:28	06:31	13:33	17:15	20:25	22:10
2026-04-12	04:25	06:29	13:33	17:16	20:26	22:13
2026-04-13	04:22	06:27	13:33	17:17	20:28	22:15
2026-04-14	04:19	06:25	13:32	17:18	20:30	22:18
2026-04-15	04:15	06:22	13:32	17:19	20:32	22:20
2026-04-16	04:12	06:20	13:32	17:20	20:33	22:23
2026-04-17	04:09	06:18	13:32	17:21	20:35	22:26
2026-04-18	04:05	06:16	13:31	17:21	20:37	22:28
2026-04-19	04:02	06:13	13:31	17:22	20:39	22:31
2026-04-20	04:01	06:11	13:31	17:23	20:40	22:34
2026-04-21	04:00	06:09	13:31	17:24	20:42	22:34
2026-04-22	04:00	06:07	13:30	17:25	20:44	22:35
2026-04-23	03:59	06:05	13:30	17:25	20:46	22:35
2026-04-24	03:58	06:03	13:30	17:26	20:48	22:36
2026-04-25	03:58	06:01	13:30	17:27	20:49	22:37
2026-04-26	03:57	05:58	13:30	17:28	20:51	22:38
2026-04-27	03:56	05:56	13:30	17:28	20:53	22:38
2026-04-28	03:55	05:54	13:29	17:29	20:55	22:39
2026-04-29	03:55	05:52	13:29	17:30	20:56	22:40
2026-04-30	03:54	05:50	13:29	17:31	20:58	22:41
2026-05-01	03:53	05:48	13:29	17:31	21:00	22:41
2026-05-02	03:53	05:46	13:29	17:32	21:01	22:42
2026-05-03	03:52	05:44	13:29	17:33	21:03	22:43
2026-05-04	03:51	05:42	13:29	17:34	21:05	22:44
2026-05-05	03:50	05:41	13:29	17:34	21:07	22:45
2026-05-06	03:50	05:39	13:29	17:35	21:08	22:45
2026-05-07	03:49	05:37	13:28	17:36	21:10	22:46
2026-05-08	03:48	05:35	13:28	17:36	21:12	22:47
2026-05-09	03:48	05:33	13:28	17:37	21:13	22:48
2026-05-10	03:47	05:32	13:28	17:38	21:15	22:48
2026-05-11	03:46	05:30	13:28	17:38	21:17	22:49
2026-05-12	03:45	05:28	13:28	17:39	21:18	22:50
2026-05-13	03:45	05:26	13:28	17:40	21:20	22:51
2026-05-14	03:44	05:25	13:28	17:40	21:22	22:51
2026-05-15	03:43	05:23	13:28	17:41	21:23	22:52
2026-05-16	03:43	05:22	13:28	17:42	21:25	22:53
2026-05-17	03:42	05:20	13:28	17:42	21:26	22:54
2026-05-18	03:41	05:19	13:28	17:43	21:28	22:55
2026-05-19	03:40	05:17	13:28	17:43	21:29	22:56
2026-05-20	03:39	05:16	13:28	17:44	21:31	22:57
2026-05-21	03:39	05:14	13:28	17:45	21:32	22:58
2026-05-22	03:38	05:13	13:29	17:45	21:34	22:59
2026-05-23	03:37	05:12	13:29	17:46	21:35	23:00
2026-05-24	03:36	05:11	13:29	17:46	21:37	23:00
2026-05-25	03:36	05:09	13:29	17:47	21:38	23:01
2026-05-26	03:35	05:08	13:29	17:47	21:40	23:02
2026-05-27	03:34	05:07	13:29	17:48	21:41	23:03
2026-05-28	03:34	05:06	13:29	17:49	21:42	23:04
2026-05-29	03:33	05:05	13:29	17:49	21:44	23:05
2026-05-30	03:33	05:04	13:29	17:50	21:45	23:06
2026-05-31	03:32	05:03	13:30	17:50	21:46	23:07
2026-06-01	03:32	05:02	13:30	17:51	21:47	23:07
2026-06-02	03:31	05:01	13:30	17:51	21:48	23:08
2026-06-03	03:31	05:00	13:30	17:52	21:49	23:09
2026-06-04	03:31	05:00	13:30	17:52	21:51	23:10
2026-06-05	03:30	04:59	13:30	17:52	21:52	23:10
2026-06-06	03:30	04:58	13:30	17:53	21:53	23:11
2026-06-07	03:30	04:58	13:31	17:53	21:54	23:12
2026-06-08	03:30	04:57	13:31	17:54	21:54	23:12
2026-06-09	03:29	04:57	13:31	17:54	21:55	23:13
2026-06-10	03:29	04:56	13:31	17:55	21:56	23:14
2026-06-11	03:29	04:56	13:31	17:55	21:57	23:14
2026-06-12	03:29	04:56	13:32	17:55	21:58	23:15
2026-06-13	03:29	04:55	13:32	17:56	21:58	23:15
2026-06-14	03:29	04:55	13:32	17:56	21:59	23:16
2026-06-15	03:29	04:55	13:32	17:56	22:00	23:16
2026-06-16	03:29	04:55	13:32	17:57	22:00	23:17
2026-06-17	03:29	04:55	13:33	17:57	22:01	23:17
2026-06-18	03:29	04:55	13:33	17:57	22:01	23:17
2026-06-19	03:29	04:55	13:33	17:57	22:01	23:18
2026-06-20	03:29	04:55	13:33	17:58	22:02	23:18
2026-06-21	03:30	04:55	13:34	17:58	22:02	23:18
2026-06-22	03:30	04:55	13:34	17:58	22:02	23:18
2026-06-23	03:30	04:56	13:34	17:58	22:02	23:19
2026-06-24	03:30	04:56	13:34	17:59	22:02	23:19
2026-06-25	03:31	04:56	13:34	17:59	22:02	23:19
2026-06-26	03:31	04:57	13:35	17:59	22:02	23:19
2026-06-27	03:31	04:57	13:35	17:59	22:02	23:19
2026-06-28	03:32	04:58	13:35	17:59	22:02	23:19
2026-06-29	03:32	04:59	13:35	17:59	22:02	23:19
2026-06-30	03:33	04:59	13:35	17:59	22:02	23:19
2026-07-01	03:33	05:00	13:36	17:59	22:01	23:19
2026-07-02	03:34	05:01	13:36	17:59	22:01	23:18
2026-07-03	03:34	05:01	13:36	17:59	22:01	23:18
2026-07-04	03:35	05:02	13:36	17:59	22:00	23:18
2026-07-05	03:35	05:03	13:36	17:59	22:00	23:18
2026-07-06	03:36	05:04	13:37	17:59	21:59	23:18
2026-07-07	03:36	05:05	13:37	17:59	21:59	23:17
2026-07-08	03:37	05:06	13:37	17:59	21:58	23:17
2026-07-09	03:38	05:07	13:37	17:59	21:57	23:16
2026-07-10	03:38	05:08	13:37	17:59	21:56	23:16
2026-07-11	03:39	05:09	13:37	17:59	21:56	23:16
2026-07-12	03:40	05:10	13:37	17:58	21:55	23:15
2026-07-13	03:41	05:11	13:38	17:58	21:54	23:15
2026-07-14	03:41	05:13	13:38	17:58	21:53	23:14
2026-07-15	03:42	05:14	13:38	17:58	21:52	23:13
2026-07-16	03:43	05:15	13:38	17:57	21:51	23:13
2026-07-17	03:44	05:16	13:38	17:57	21:50	23:12
2026-07-18	03:44	05:18	13:38	17:57	21:49	23:11
2026-07-19	03:45	05:19	13:38	17:56	21:47	23:11
2026-07-20	03:46	05:20	13:38	17:56	21:46	23:10
2026-07-21	03:47	05:22	13:38	17:55	21:45	23:09
2026-07-22	03:48	05:23	13:38	17:55	21:44	23:08
2026-07-23	03:49	05:25	13:38	17:54	21:42	23:07
2026-07-24	03:50	05:26	13:38	17:54	21:41	23:07
2026-07-25	03:50	05:28	13:38	17:53	21:39	23:06
2026-07-26	03:51	05:29	13:38	17:53	21:38	23:05
2026-07-27	03:52	05:31	13:38	17:52	21:36	23:04
2026-07-28	03:53	05:32	13:38	17:52	21:35	23:03
2026-07-29	03:53	05:34	13:38	17:51	21:33	23:02
2026-07-30	03:54	05:35	13:38	17:50	21:32	23:02
2026-07-31	03:54	05:37	13:38	17:50	21:30	23:01
2026-08-01	03:55	05:38	13:38	17:49	21:28	23:00
2026-08-02	03:56	05:40	13:38	17:48	21:26	22:59
2026-08-03	03:56	05:41	13:38	17:47	21:25	22:58
2026-08-04	03:57	05:43	13:38	17:47	21:23	22:58
2026-08-05	03:58	05:45	13:38	17:46	21:21	22:57
2026-08-06	03:58	05:46	13:38	17:45	21:19	22:56
2026-08-07	03:59	05:48	13:38	17:44	21:17	22:55
2026-08-08	04:00	05:50	13:38	17:43	21:16	22:54
2026-08-09	04:00	05:51	13:37	17:42	21:14	22:54
2026-08-10	04:01	05:53	13:37	17:41	21:12	22:53
2026-08-11	04:02	05:55	13:37	17:40	21:10	22:52
2026-08-12	04:02	05:56	13:37	17:39	21:08	22:51
2026-08-13	04:03	05:58	13:37	17:38	21:06	22:50
2026-08-14	04:04	06:00	13:37	17:37	21:04	22:50
2026-08-15	04:04	06:01	13:36	17:36	21:02	22:49
2026-08-16	04:05	06:03	13:36	17:35	21:00	22:48
2026-08-17	04:05	06:05	13:36	17:34	20:57	22:47
2026-08-18	04:06	06:06	13:36	17:33	20:55	22:46
2026-08-19	04:07	06:08	13:36	17:32	20:53	22:46
2026-08-20	04:07	06:10	13:35	17:31	20:51	22:45
2026-08-21	04:08	06:11	13:35	17:29	20:49	22:44
2026-08-22	04:09	06:13	13:35	17:28	20:47	22:41
2026-08-23	04:09	06:15	13:35	17:27	20:45	22:38
2026-08-24	04:10	06:16	13:34	17:26	20:42	22:35
2026-08-25	04:11	06:18	13:34	17:24	20:40	22:32
2026-08-26	04:11	06:20	13:34	17:23	20:38	22:28
2026-08-27	04:13	06:21	13:34	17:22	20:36	22:25
2026-08-28	04:16	06:23	13:33	17:20	20:33	22:22
2026-08-29	04:19	06:25	13:33	17:19	20:31	22:19
2026-08-30	04:21	06:27	13:33	17:18	20:29	22:16
2026-08-31	04:24	06:28	13:32	17:16	20:26	22:13
2026-09-01	04:27	06:30	13:32	17:15	20:24	22:10
2026-09-02	04:29	06:32	13:32	17:13	20:22	22:07
2026-09-03	04:32	06:33	13:31	17:12	20:20	22:04
2026-09-04	04:34	06:35	13:31	17:10	20:17	22:01
2026-09-05	04:37	06:37	13:31	17:09	20:15	21:58
2026-09-06	04:39	06:38	13:30	17:07	20:13	21:55
2026-09-07	04:41	06:40	13:30	17:06	20:10	21:52
2026-09-08	04:44	06:42	13:30	17:04	20:08	21:49
2026-09-09	04:46	06:43	13:29	17:03	20:05	21:46
2026-09-10	04:49	06:45	13:29	17:01	20:03	21:44
2026-09-11	04:51	06:47	13:29	17:00	20:01	21:41
2026-09-12	04:53	06:48	13:28	16:58	19:58	21:38
2026-09-13	04:55	06:50	13:28	16:56	19:56	21:35
2026-09-14	04:58	06:52	13:28	16:55	19:53	21:32
2026-09-15	05:00	06:53	13:27	16:53	19:51	21:29
2026-09-16	05:02	06:55	13:27	16:52	19:49	21:27
2026-09-17	05:04	06:57	13:27	16:50	19:46	21:24
2026-09-18	05:06	06:58	13:26	16:48	19:44	21:21
2026-09-19	05:08	07:00	13:26	16:47	19:42	21:18
2026-09-20	05:10	07:02	13:25	16:45	19:39	21:16
2026-09-21	05:13	07:03	13:25	16:43	19:37	21:13
2026-09-22	05:15	07:05	13:25	16:41	19:34	21:10
2026-09-23	05:17	07:07	13:24	16:40	19:32	21:08
2026-09-24	05:19	07:09	13:24	16:38	19:30	21:05
2026-09-25	05:21	07:10	13:24	16:36	19:27	21:02
2026-09-26	05:23	07:12	13:23	16:35	19:25	21:00
2026-09-27	05:25	07:14	13:23	16:33	19:22	20:57
2026-09-28	05:27	07:15	13:23	16:31	19:20	20:55
2026-09-29	05:29	07:17	13:22	16:29	19:18	20:52
2026-09-30	05:30	07:19	13:22	16:28	19:15	20:50
2026-10-01	05:32	07:21	13:22	16:26	19:13	20:47
2026-10-02	05:34	07:22	13:21	16:24	19:10	20:45
2026-10-03	05:36	07:24	13:21	16:22	19:08	20:42
2026-10-04	05:38	07:26	13:21	16:20	19:06	20:40
2026-10-05	05:40	07:27	13:20	16:19	19:03	20:37
2026-10-06	05:42	07:29	13:20	16:17	19:01	20:35
2026-10-07	05:44	07:31	13:20	16:15	18:59	20:32
2026-10-08	05:45	07:33	13:20	16:13	18:56	20:30
2026-10-09	05:47	07:34	13:19	16:12	18:54	20:28
2026-10-10	05:49	07:36	13:19	16:10	18:52	20:25
2026-10-11	05:51	07:38	13:19	16:08	18:49	20:23
2026-10-12	05:53	07:40	13:18	16:06	18:47	20:21
2026-10-13	05:54	07:42	13:18	16:05	18:45	20:19
2026-10-14	05:56	07:43	13:18	16:03	18:43	20:16
2026-10-15	05:58	07:45	13:18	16:01	18:40	20:14
2026-10-16	06:00	07:47	13:18	15:59	18:38	20:12
2026-10-17	06:01	07:49	13:17	15:58	18:36	20:10
2026-10-18	06:03	07:50	13:17	15:56	18:34	20:08
2026-10-19	06:05	07:52	13:17	15:54	18:32	20:06
2026-10-20	06:07	07:54	13:17	15:53	18:29	20:04
2026-10-21	06:08	07:56	13:17	15:51	18:27	20:02
2026-10-22	06:10	07:58	13:16	15:49	18:25	20:00
2026-10-23	06:12	08:00	13:16	15:48	18:23	19:58
2026-10-24	06:13	08:01	13:16	15:46	18:21	19:56
2026-10-25	05:15	07:03	12:16	14:44	17:19	18:54
2026-10-26	05:17	07:05	12:16	14:43	17:17	18:52
2026-10-27	05:18	07:07	12:16	14:41	17:15	18:50
2026-10-28	05:20	07:09	12:16	14:39	17:13	18:48
2026-10-29	05:22	07:11	12:16	14:38	17:11	18:46
2026-10-30	05:23	07:12	12:16	14:36	17:09	18:45
2026-10-31	05:25	07:14	12:15	14:35	17:07	18:43
2026-11-01	05:27	07:16	12:15	14:33	17:05	18:41
2026-11-02	05:28	07:18	12:15	14:32	17:03	18:39
2026-11-03	05:30	07:20	12:15	14:30	17:01	18:38
2026-11-04	05:31	07:22	12:15	14:29	16:59	18:36
2026-11-05	05:33	07:24	12:15	14:28	16:57	18:35
2026-11-06	05:35	07:25	12:15	14:26	16:56	18:33
2026-11-07	05:36	07:27	12:16	14:25	16:54	18:32
2026-11-08	05:38	07:29	12:16	14:23	16:52	18:30
2026-11-09	05:39	07:31	12:16	14:22	16:50	18:29
2026-11-10	05:41	07:33	12:16	14:21	16:49	18:27
2026-11-11	05:42	07:35	12:16	14:20	16:47	18:26
2026-11-12	05:44	07:36	12:16	14:18	16:45	18:25
2026-11-13	05:45	07:38	12:16	14:17	16:44	18:23
2026-11-14	05:47	07:40	12:16	14:16	16:42	18:22
2026-11-15	05:48	07:42	12:16	14:15	16:41	18:21
2026-11-16	05:50	07:44	12:17	14:14	16:39	18:20
2026-11-17	05:51	07:45	12:17	14:13	16:38	18:19
2026-11-18	05:53	07:47	12:17	14:12	16:37	18:18
2026-11-19	05:54	07:49	12:17	14:11	16:35	18:17
2026-11-20	05:56	07:51	12:17	14:10	16:34	18:16
2026-11-21	05:57	07:52	12:18	14:09	16:33	18:15
2026-11-22	05:58	07:54	12:18	14:08	16:32	18:14
2026-11-23	06:00	07:56	12:18	14:07	16:30	18:13
2026-11-24	06:01	07:57	12:18	14:06	16:29	18:12
2026-11-25	06:02	07:59	12:19	14:06	16:28	18:11
2026-11-26	06:04	08:01	12:19	14:05	16:27	18:11
2026-11-27	06:05	08:02	12:19	14:04	16:26	18:10
2026-11-28	06:06	08:04	12:20	14:04	16:25	18:09
2026-11-29	06:08	08:05	12:20	14:03	16:25	18:09
2026-11-30	06:09	08:07	12:20	14:02	16:24	18:08
2026-12-01	06:10	08:08	12:21	14:02	16:23	18:08
2026-12-02	06:11	08:10	12:21	14:02	16:22	18:07
2026-12-03	06:12	08:11	12:21	14:01	16:22	18:07
2026-12-04	06:13	08:13	12:22	14:01	16:21	18:07
2026-12-05	06:15	08:14	12:22	14:00	16:21	18:06
2026-12-06	06:16	08:15	12:23	14:00	16:20	18:06
2026-12-07	06:17	08:17	12:23	14:00	16:20	18:06
2026-12-08	06:18	08:18	12:24	14:00	16:19	18:06
2026-12-09	06:19	08:19	12:24	14:00	16:19	18:06
2026-12-10	06:20	08:20	12:24	14:00	16:19	18:05
2026-12-11	06:21	08:21	12:25	14:00	16:19	18:05
2026-12-12	06:21	08:22	12:25	14:00	16:18	18:05
2026-12-13	06:22	08:23	12:26	14:00	16:18	18:06
2026-12-14	06:23	08:24	12:26	14:00	16:18	18:06
2026-12-15	06:24	08:25	12:27	14:00	16:18	18:06
2026-12-16	06:25	08:26	12:27	14:00	16:18	18:06
2026-12-17	06:25	08:27	12:28	14:00	16:19	18:06
2026-12-18	06:26	08:27	12:28	14:01	16:19	18:07
2026-12-19	06:27	08:28	12:29	14:01	16:19	18:07
2026-12-20	06:27	08:29	12:29	14:01	16:20	18:07
2026-12-21	06:28	08:29	12:30	14:02	16:20	18:08
2026-12-22	06:28	08:30	12:30	14:02	16:20	18:08
2026-12-23	06:29	08:30	12:31	14:03	16:21	18:09
2026-12-24	06:29	08:31	12:31	14:03	16:22	18:09
2026-12-25	06:30	08:31	12:32	14:04	16:22	18:10
2026-12-26	06:30	08:31	12:32	14:05	16:23	18:11
2026-12-27	06:30	08:32	12:33	14:05	16:24	18:11
2026-12-28	06:30	08:32	12:33	14:06	16:25	18:12
2026-12-29	06:31	08:32	12:34	14:07	16:25	18:13
2026-12-30	06:31	08:32	12:34	14:08	16:26	18:14
2026-12-31	06:31	08:32	12:35	14:09	16:27	18:14
