9975	Eslohe	51.25369	8.16949	t000-20260919
9976	Espelkamp	52.38141	8.62303	t001-20260919
9980	Ettlingen	48.94094	8.40763	t002-20260919
9981	Euskirchen	50.66057	6.78722	t003-20260919
9983	Frankenthal	49.53414	8.35357	t004-20260919
9984	Frechen	50.91485	6.8118	t005-20260919
9985	Freudenstadt	48.46695	8.41371	t006-20260919
9986	Freystadt	49.20007	11.33032	t007-20260919
9993	Furtwangen	48.05156	8.20715	t008-20260919
9994	Gaggenau	48.8	8.33333	t009-20260919
9995	Garbsen	52.41371	9.5899	t010-20260919
9996	Garching	48.24896	11.65101	t011-20260919
9998	Geisenfeld	48.68426	11.61233	t012-20260919
9999	Geldern	51.51908	6.32363	t013-20260919
10002	Hassel	52.69688	8.83198	t014-20260919
10003	Horst	53.80959	9.62456	t015-20260919
10005	Gengenbach	48.40476	8.01433	t016-20260919
10006	Genthin	52.40668	12.1592	t017-20260919
10007	Georgsmarienhütte	52.20296	8.0448	t018-20260919
10008	Gera	50.88029	12.08187	t019-20260919
10009	Germering	48.13392	11.3765	t020-20260919
10010	Gerolstein	50.22224	6.65984	t021-20260919
10011	Geseke	51.64091	8.5109	t022-20260919
10012	Gevelsberg	51.31971	7.3392	t023-20260919
10013	Gilching	48.10755	11.2936	t024-20260919
10014	Gladbeck	51.57077	6.98593	t025-20260919
10015	Gladenbach	50.76847	8.58085	t026-20260919
10016	Glückstadt	53.78819	9.42408	t027-20260919
10017	Görlitz	51.15518	14.98853	t028-20260919
10018	Graben-Neudorf	49.16695	8.49243	t029-20260919
10020	Greven	52.09364	7.59396	t030-20260919
10021	Grevenbroich	51.09102	6.5827	t031-20260919
10022	Groß-Gerau	49.92139	8.48255	t032-20260919
10023	Grünstadt	49.56302	8.16279	t033-20260919
10025	Gummersbach	51.02608	7.56473	t034-20260919
10026	Gütersloh	51.90693	8.37853	t035-20260919
10029	Haiger	50.74162	8.20778	t036-20260919
10030	Halver	51.18612	7.49817	t037-20260919
10031	Finkenwerder	53.53274	9.86271	t038-20260919
10032	Harburg	53.46057	9.98388	t039-20260919
10033	Kirchdorf	48.07667	10.12629	t040-20260919
10034	Wilhelmsburg	53.49283	10.01372	t041-20260919
10035	Hameln	52.10397	9.35623	t042-20260919
10036	Heeßen	52.23211	9.09642	t043-20260919
10041	Harsewinkel	51.96224	8.22766	t044-20260919
10042	Haslach	48.56531	8.05658	t045-20260919
10043	Hattingen	51.39894	7.18557	t046-20260919
10044	Alsfeld	50.75185	9.27082	t047-20260919
10045	Allensbach	47.71536	9.07145	t048-20260919
10048	Arnstorf	48.5584	12.81674	t049-20260919
10050	Backnang	48.94743	9.43718	t050-20260919
10051	Bad Oldesloe	53.81167	10.37417	t051-20260919
10053	Bad Urach	48.49107	9.40009	t052-20260919
10054	Bad Waldsee	47.92027	9.7549	t053-20260919
10055	Bad Wurzach	47.90799	9.89686	t054-20260919
10057	Bebra	50.97445	9.79562	t055-20260919
10058	Beelitz	52.23812	12.9714	t056-20260919
10059	Bernau	47.80018	8.0383	t057-20260919
10060	Biberach an der Riß	48.09345	9.79053	t058-20260919
10062	Blaubeuren	48.41215	9.78427	t059-20260919
10063	Bopfingen	48.85847	10.35417	t060-20260919
10065	Bruckmühl	47.87859	11.91098	t061-20260919
10066	Büchen	53.48008	10.6176	t062-20260919
10067	Buchloe	48.03719	10.72548	t063-20260919
10068	Burgau	48.43159	10.40989	t064-20260919
10069	Burgdorf	52.44628	10.0064	t065-20260919
10070	Burghausen	48.16925	12.83139	t066-20260919
10071	Burgkirchen an der Alz	48.16753	12.7325	t067-20260919
10072	Burglengenfeld	49.20379	12.04452	t068-20260919
10073	Burladingen	48.29111	9.11286	t069-20260919
10074	Celle	52.62264	10.08047	t070-20260919
10075	Coburg	50.25937	10.96384	t071-20260919
10076	Crailsheim	49.13444	10.07193	t072-20260919
10077	Deggendorf	48.84085	12.96068	t073-20260919
10078	Dettingen an der Erms	48.53077	9.34458	t074-20260919
10079	Dietenheim	48.21072	10.07163	t075-20260919
10080	Dingolfing	48.64244	12.49283	t076-20260919
10081	Ditzingen	48.82672	9.06703	t077-20260919
10082	Eberbach	49.4668	8.99016	t078-20260919
10083	Eberswalde	52.83492	13.81951	t079-20260919
10086	Eichstätt	48.88854	11.19675	t080-20260919
10087	Ellwangen	48.96164	10.13173	t081-20260919
10088	Eppingen	49.13645	8.91229	t082-20260919
10089	Erlenbach am Main	49.80341	9.16311	t083-20260919
10090	Eutin	54.13503	10.61148	t084-20260919
10092	Felsberg	51.13763	9.42139	t085-20260919
10093	Filderstadt	48.65698	9.22049	t086-20260919
10095	Freiberg	50.91089	13.33881	t087-20260919
10096	Freising	48.40351	11.74876	t088-20260919
10097	Fürstenwalde	52.36067	14.06185	t089-20260919
10098	Füssen	47.57143	10.70171	t090-20260919
10099	Gaildorf	49.00027	9.76953	t091-20260919
10100	Gammertingen	48.2524	9.22349	t092-20260919
10101	Gifhorn	52.47774	10.5511	t093-20260919
10102	Geesthacht	53.4366	10.37339	t094-20260919
10103	Geislingen an der Steige	48.62423	9.82736	t095-20260919
10104	Gelnhausen	50.20164	9.18742	t096-20260919
10105	Gersthofen	48.42432	10.87273	t097-20260919
10106	Giengen an der Brenz	48.62219	10.24312	t098-20260919
10107	Glauchau	50.81987	12.54493	t099-20260919
10108	Goslar	51.90425	10.42766	t100-20260919
10109	Gottmadingen	47.73511	8.77687	t101-20260919
10110	Grömitz	54.15052	10.96011	t102-20260919
10111	Gundelsheim	49.2833	9.16037	t103-20260919
10112	Günzburg	48.45599	10.27695	t104-20260919
10113	Gunzenhausen	49.11663	10.75971	t105-20260919
10114	Haigerloch	48.36614	8.80357	t106-20260919
10115	Bergedorf	53.48462	10.22904	t107-20260919
10116	Billstedt	53.55	10.13333	t108-20260919
10117	Heide	54.19562	9.09742	t109-20260919
10118	Heiligenhaus	51.32662	6.97106	t110-20260919
10119	Heinsberg	51.06358	6.0998	t111-20260919
10120	Helmbrechts	50.23557	11.71589	t112-20260919
10121	Hemer	51.38707	7.77019	t113-20260919
10123	Herborn	50.68135	8.30369	t114-20260919
10124	Herford	52.11457	8.67343	t115-20260919
10125	Herten	51.59638	7.14387	t116-20260919
10126	Westerholt	53.59005	7.45676	t117-20260919
10127	Herzogenrath	50.86874	6.09317	t118-20260919
10128	Hessisch Oldendorf	52.17269	9.24913	t119-20260919
10129	Hilden	51.16818	6.93093	t120-20260919
10131	Hochheim am Main	50.01436	8.35218	t121-20260919
10132	Hockenheim	49.32334	8.55194	t122-20260919
10136	Hombruch	51.4731	7.44132	t123-20260919
10140	Höxter	51.77501	9.38155	t124-20260919
10141	Hückelhoven	51.0555	6.22658	t125-20260919
10142	Hungen	50.47368	8.89326	t126-20260919
10144	Hürth	50.87079	6.86761	t127-20260919
10145	Husum	54.4858	9.05239	t128-20260919
10147	Idstein	50.21773	8.26679	t129-20260919
10149	Iserlohn	51.37547	7.70281	t130-20260919
10150	Itzehoe	53.92099	9.51529	t131-20260919
10151	Jüchen	51.1	6.5	t132-20260919
10152	Jünkerath	50.34412	6.58138	t133-20260919
10153	Kaltenkirchen	53.83244	9.96042	t134-20260919
10154	Kamen	51.59231	7.6638	t135-20260919
10156	Karben	50.23019	8.77155	t136-20260919
10158	Kelheim	48.91725	11.88618	t137-20260919
10159	Kelsterbach	50.06135	8.52916	t138-20260919
10160	Kerpen	50.86991	6.69691	t139-20260919
10163	Kirchhain	50.8272	8.92806	t140-20260919
10164	Kirn	49.78912	7.45765	t141-20260919
10165	Königswinter	50.67734	7.19245	t142-20260919
10166	Konz	49.70045	6.57652	t143-20260919
10167	Korbach	51.27561	8.873	t144-20260919
10169	Kreuztal	50.96775	7.98848	t145-20260919
10170	Kronshagen	54.33734	10.08214	t146-20260919
10171	Ladenburg	49.47307	8.60896	t147-20260919
10172	Lage	51.99223	8.79301	t148-20260919
10173	Lahr	48.34042	7.86886	t149-20260919
10174	Lampertheim	49.59786	8.4725	t150-20260919
10175	Landau in der Pfalz	49.19844	8.11692	t151-20260919
10176	Landstuhl	49.41306	7.57021	t152-20260919
10177	Langen	49.98955	8.66852	t153-20260919
10178	Langenfeld	51.10821	6.94831	t154-20260919
10179	Leichlingen	51.10628	7.01873	t155-20260919
10180	Lemwerder	53.16281	8.61495	t156-20260919
10181	Lengerich	52.18661	7.86043	t157-20260919
10182	Lennestadt	51.11721	8.06707	t158-20260919
10183	Leverkusen	51.0303	6.98432	t159-20260919
10184	Leimen	49.34737	8.68733	t160-20260919
10185	Limburg an der Lahn	50.3836	8.0503	t161-20260919
10186	Lindlar	51.01959	7.37758	t162-20260919
10187	Linz am Rhein	50.56884	7.28445	t163-20260919
10188	Lippstadt	51.67369	8.34482	t164-20260919
10189	Lohmar	50.83868	7.21399	t165-20260919
10190	Löhne	52.18848	8.6922	t166-20260919
10191	Lörrach	47.61497	7.66457	t167-20260919
10194	Lügde	51.95828	9.24706	t168-20260919
10195	Lünen	51.61634	7.52872	t169-20260919
10197	Lustadt	49.24476	8.27407	t170-20260919
10198	Mainburg	48.64182	11.78093	t171-20260919
10199	Marl	51.65671	7.09038	t172-20260919
10201	Marsberg	51.46171	8.84949	t173-20260919
10202	Maxdorf	49.48806	8.29167	t174-20260919
10203	Meinerzhagen	51.1074	7.64838	t175-20260919
10204	Melle	52.20197	8.33826	t176-20260919
10205	Menden	51.44337	7.77825	t177-20260919
10206	Merzig	49.44331	6.63874	t178-20260919
10207	Meschede	51.3502	8.28332	t179-20260919
10208	Mettmann	51.2504	6.97536	t180-20260919
10209	Minden	52.28953	8.91455	t181-20260919
10210	Moers	51.45342	6.6326	t182-20260919
10212	Monheim	48.84389	10.85834	t183-20260919
10213	Montabaur	50.43588	7.8232	t184-20260919
10216	Münchberg	50.18952	11.78823	t185-20260919
10217	Mutterstadt	49.44139	8.35611	t186-20260919
10219	Nassau	50.31453	7.80025	t187-20260919
10221	Neu-Isenburg	50.04832	8.69406	t188-20260919
10223	Neumünster	54.07399	9.98456	t189-20260919
10224	Neukirchen	50.86906	9.34655	t190-20260919
10225	Neunkirchen	49.34449	7.18045	t191-20260919
10229	Neuwied	50.4336	7.47057	t192-20260919
10230	Nidda	50.4133	9.00638	t193-20260919
10231	Niederkassel	50.81503	7.03777	t194-20260919
10233	Nienhagen	54.14869	12.17434	t195-20260919
10234	Nordenham	53.50098	8.48965	t196-20260919
10235	Oberderdingen	49.06556	8.80306	t197-20260919
10236	Obertshausen	50.07139	8.85123	t198-20260919
10237	Oberursel	50.20731	8.57747	t199-20260919
10238	Odenthal	51.03333	7.11667	t200-20260919
10239	Oelde	51.8289	8.14724	t201-20260919
10240	Oer-Erkenschwick	51.64198	7.26451	t202-20260919
10241	Olching	48.2	11.33333	t203-20260919
10242	Olpe	51.02899	7.85139	t204-20260919
10243	Osterholz-Scharmbeck	53.22659	8.7923	t205-20260919
10244	Ottersberg	53.10901	9.14648	t206-20260919
10245	Overath	50.93275	7.28389	t207-20260919
10246	Parsberg	49.16074	11.71834	t208-20260919
10247	Petershagen	52.37513	8.96538	t209-20260919
10248	Pfungstadt	49.80557	8.60307	t210-20260919
10249	Philippsburg	49.2317	8.46074	t211-20260919
10250	Pinneberg	53.65887	9.79698	t212-20260919
10251	Pirmasens	49.20145	7.60529	t213-20260919
10252	Pulheim	50.99965	6.80632	t214-20260919
10253	Quickborn	53.72821	9.91078	t215-20260919
10254	Ransbach-Baumbach	50.46496	7.7283	t216-20260919
10255	Rastatt	48.85851	8.20965	t217-20260919
10256	Ratingen	51.29724	6.84929	t218-20260919
10257	Rehburg-Loccum	52.46952	9.19957	t219-20260919
10258	Remagen	50.57879	7.22703	t220-20260919
10259	Rendsburg	54.30182	9.67175	t221-20260919
10260	Rheda-Wiedenbrück	51.84967	8.30017	t222-20260919
10261	Rheinbach	50.62562	6.94911	t223-20260919
10262	Rheinberg	51.54649	6.59525	t224-20260919
10263	Rheine	52.28509	7.44055	t225-20260919
10265	Rietberg	51.80924	8.42841	t226-20260919
10266	Rinteln	52.18604	9.07917	t227-20260919
10267	Rockenhausen	49.62974	7.82134	t228-20260919
10268	Rösrath	50.89559	7.18175	t229-20260919
10269	Rotenburg	53.11032	9.4036	t230-20260919
10270	Roth	49.24762	11.09111	t231-20260919
10272	Salzkotten	51.6717	8.60092	t232-20260919
10273	Sarstedt	52.23495	9.85411	t233-20260919
10274	Schifferstadt	49.38417	8.3775	t234-20260919
10275	Schleswig	54.52021	9.56829	t235-20260919
10276	Schmelz	49.43333	6.85	t236-20260919
10277	Schopfheim	47.65105	7.82089	t237-20260919
10278	Schrobenhausen	48.56067	11.26071	t238-20260919
10279	Schüttorf	52.32281	7.22176	t239-20260919
10281	Schwelm	51.28635	7.29388	t240-20260919
10282	Schwerte	51.44387	7.5675	t241-20260919
10283	Schwetzingen	49.38217	8.5823	t242-20260919
10284	Selbitz	50.31702	11.75019	t243-20260919
10285	Selters	50.51681	8.28953	t244-20260919
10286	Sendenhorst	51.84303	7.82996	t245-20260919
10287	Siegburg	50.80019	7.20769	t246-20260919
10288	Simmern	49.98198	7.52351	t247-20260919
10289	Sinzig	50.54384	7.24639	t248-20260919
10290	Soest	51.57558	8.10619	t249-20260919
10291	Solingen	51.17343	7.0845	t250-20260919
10292	Soltau	52.98537	9.83983	t251-20260919
10293	Spenge	52.14021	8.48475	t252-20260919
10294	Speyer	49.32083	8.43111	t253-20260919
10295	Sprockhövel	51.34669	7.24343	t254-20260919
10300	Stadtallendorf	50.82261	9.01294	t255-20260919
10301	Stadthagen	52.32333	9.20311	t256-20260919
10302	Stadtlohn	51.99399	6.91918	t257-20260919
10303	Steinfurt	52.15045	7.33664	t258-20260919
10304	Steinhagen	52.0	8.4	t259-20260919
10305	Steinheim	51.87066	9.09136	t260-20260919
10308	Stolberg	50.77368	6.22595	t261-20260919
10309	Sulingen	52.68291	8.81268	t262-20260919
10310	Sulzbach	49.29882	7.05696	t263-20260919
10311	Telgte	51.97995	7.78293	t264-20260919
10312	Troisdorf	50.80901	7.14968	t265-20260919
10313	Trossingen	48.07667	8.64409	t266-20260919
10314	Übach-Palenberg	50.91775	6.12336	t267-20260919
10315	Uchte	52.49975	8.90928	t268-20260919
10316	Uetersen	53.68878	9.66197	t269-20260919
10317	Ulmen	50.20943	6.97941	t270-20260919
10318	Unna	51.53795	7.68969	t271-20260919
10319	Unterschleißheim	48.28038	11.57684	t272-20260919
10320	Usingen	50.33554	8.53688	t273-20260919
10321	Wagenfeld	52.54851	8.58885	t274-20260919
10322	Vechta	52.73064	8.28968	t275-20260919
10323	Velbert	51.33537	7.04348	t276-20260919
10324	Verden	52.92334	9.23804	t277-20260919
10325	Viernheim	49.54033	8.5782	t278-20260919
10326	Viersen	51.25435	6.39441	t279-20260919
10328	Vlotho	52.1653	8.85996	t280-20260919
10329	Voerde	51.59703	6.6863	t281-20260919
10330	Völklingen	49.25162	6.85873	t282-20260919
10332	Waldbröl	50.87576	7.61688	t283-20260919
10333	Walldorf	49.30637	8.64236	t284-20260919
10334	Waltrop	51.62125	7.40238	t285-20260919
10335	Wardenburg	53.05938	8.19669	t286-20260919
10336	Warendorf	51.95109	7.98756	t287-20260919
10337	Warstein	51.44488	8.34851	t288-20260919
10338	Wassenberg	51.10009	6.15484	t289-20260919
10339	Wedel	53.58374	9.69835	t290-20260919
10340	Wegberg	51.14221	6.28436	t291-20260919
10341	Weil am Rhein	47.59331	7.62082	t292-20260919
10342	Weilburg	50.48438	8.26249	t293-20260919
10344	Welver	51.61667	7.96667	t294-20260919
10345	Wendelstein	49.3523	11.15069	t295-20260919
10346	Werl	51.55493	7.91403	t296-20260919
10347	Wermelskirchen	51.1397	7.21583	t297-20260919
10349	Wesel	51.6669	6.62037	t298-20260919
10350	Wesseling	50.82709	6.9747	t299-20260919
10351	Westerstede	53.25682	7.92737	t300-20260919
10354	Wiesloch	49.29504	8.69846	t301-20260919
10355	Wildeshausen	52.89446	8.43375	t302-20260919
10356	Wilhelmshaven	53.5476	8.10395	t303-20260919
10357	Willich	51.26371	6.54734	t304-20260919
10358	Wipperfürth	51.1161	7.39865	t305-20260919
10359	Witten	51.44362	7.35258	t306-20260919
10361	Wittlich	49.98596	6.89308	t307-20260919
10362	Wolfhagen	51.32611	9.17015	t308-20260919
10363	Wülfrath	51.28195	7.03821	t309-20260919
10364	Wunstorf	52.42377	9.43585	t310-20260919
10367	Würselen	50.81809	6.1347	t311-20260919
10368	Zülpich	50.69447	6.65414	t312-20260919
10369	Zweibrücken	49.24686	7.36977	t313-20260919
10371	Hechingen	48.35149	8.96317	t314-20260919
10372	Helmstedt	52.2279	11.00985	t315-20260919
10373	Hersbruck	49.51083	11.43151	t316-20260919
10374	Herzberg am Harz	51.65546	10.33938	t317-20260919
10375	Herzogenaurach	49.56798	10.88565	t318-20260919
10376	Hessisch Lichtenau	51.19954	9.71857	t319-20260919
10377	Heubach	48.79267	9.9337	t320-20260919
10378	Höchst im Odenwald	49.79972	8.99944	t321-20260919
10380	Holzminden	51.82798	9.4455	t322-20260919
10381	Horgau	48.39507	10.68283	t323-20260919
10382	Hoyerswerda	51.43787	14.23549	t324-20260919
10383	Hüfingen	47.92543	8.48831	t325-20260919
10384	Ichenhausen	48.37119	10.30706	t326-20260919
10385	Illertissen	48.22336	10.10347	t327-20260919
10388	Isny	47.6926	10.03857	t328-20260919
10390	Karlstadt	49.96034	9.77239	t329-20260919
10392	Kaufbeuren	47.88238	10.62192	t330-20260919
10396	Kitzingen	49.73973	10.15072	t331-20260919
10397	Kolbermoor	47.84965	12.06696	t332-20260919
10398	Köngen	48.68333	9.36667	t333-20260919
10399	Königsbrunn	48.27506	10.89178	t334-20260919
10401	Laatzen	52.31506	9.79739	t335-20260919
10402	Kornwestheim	48.86158	9.18569	t336-20260919
10403	Kremmen	52.76216	13.02515	t337-20260919
10404	Kulmbach	50.10068	11.45032	t338-20260919
10405	Laichingen	48.48939	9.68612	t339-20260919
10406	Landsberg am Lech	48.04819	10.88282	t340-20260919
10407	Landshut	48.52961	12.16179	t341-20260919
10408	Langenargen	47.59858	9.54163	t342-20260919
10410	Langenhagen	52.44758	9.73741	t343-20260919
10411	Lappersdorf	49.04694	12.0913	t344-20260919
10412	Lauchhammer	51.48813	13.76623	t345-20260919
10414	Lauenburg	53.37199	10.55654	t346-20260919
10417	Laufach	50.01667	9.3	t347-20260919
10418	Lauingen	48.56775	10.42706	t348-20260919
10419	Laupheim	48.22786	9.87874	t349-20260919
10420	Lauterbach	50.63558	9.39777	t350-20260919
10421	Lehrte	52.37193	9.97919	t351-20260919
10422	Leonberg	48.8	9.01667	t352-20260919
10423	Leutkirch	47.82672	10.0205	t353-20260919
10424	Lichtenfels	50.14567	11.05928	t354-20260919
10429	Lonsee	48.5434	9.91999	t355-20260919
10430	Lorch	48.79833	9.6914	t356-20260919
10432	Luckenwalde	52.09029	13.16772	t357-20260919
10433	Magstadt	48.74471	8.96675	t358-20260919
10434	Markdorf	47.71916	9.39028	t359-20260919
10435	Markt Erlbach	49.49367	10.65265	t360-20260919
10436	Markt Schwaben	48.18949	11.8691	t361-20260919
10437	Marktheidenfeld	49.8454	9.60359	t362-20260919
10438	Marktoberdorf	47.77964	10.61713	t363-20260919
10439	Marktredwitz	50.00443	12.08593	t364-20260919
10440	Meissen	51.16158	13.4737	t365-20260919
10441	Melsungen	51.13029	9.55236	t366-20260919
10442	Memmingen	47.98372	10.18527	t367-20260919
10443	Ennetach	48.05238	9.3201	t368-20260919
10444	Meßkirch	47.99457	9.11479	t369-20260919
10445	Metzingen	48.53695	9.2833	t370-20260919
10446	Michelstadt	49.67569	9.00373	t371-20260919
10447	Miesbach	47.78903	11.83382	t372-20260919
10448	Miltenberg	49.70452	9.26725	t373-20260919
10449	Mindelheim	48.04578	10.49222	t374-20260919
10450	Mölln	53.62072	10.68748	t375-20260919
10451	Moosburg	48.47089	11.93811	t376-20260919
10452	Mosbach	49.35357	9.15106	t377-20260919
10454	Munderkingen	48.23568	9.64398	t378-20260919
10455	Münsingen	48.41126	9.49704	t379-20260919
10457	Murrhardt	48.98191	9.57047	t380-20260919
10458	Nagold	48.5498	8.72366	t381-20260919
10459	Nauen	52.60701	12.87374	t382-20260919
10460	Neresheim	48.75511	10.33041	t383-20260919
10461	Nersingen	48.42829	10.12356	t384-20260919
10463	Neukirchen	50.86906	9.34655	t385-20260919
10465	Neutraubling	48.98737	12.201	t386-20260919
10466	Norderstedt	53.70177	9.99328	t387-20260919
10467	Nördlingen	48.85122	10.48868	t388-20260919
10468	Northeim	51.70662	9.99997	t389-20260919
10470	Oberasbach	49.42275	10.95766	t390-20260919
10472	Öhringen	49.19884	9.5072	t391-20260919
10473	Oranienburg	52.748	13.25194	t392-20260919
10474	Osterode am Harz	51.72686	10.25089	t393-20260919
10476	Peine	52.31928	10.2352	t394-20260919
10477	Pfullendorf	47.9261	9.2578	t395-20260919
10479	Preetz	54.23575	10.27934	t396-20260919
10480	Radolfzell	47.74194	8.97098	t397-20260919
10481	Raisdorf	54.28127	10.24915	t398-20260919
10484	Rehau	50.24921	12.03422	t399-20260919
10486	Rosenheim	47.85637	12.12247	t400-20260919
10488	Sachsenheim	48.96	9.06472	t401-20260919
10489	Salzgitter	52.15705	10.4154	t402-20260919
10492	Schirnding	50.08205	12.22742	t403-20260919
10493	Schlüchtern	50.34891	9.52532	t404-20260919
10494	Schongau	47.8124	10.89664	t405-20260919
10495	Schorndorf	48.80537	9.52721	t406-20260919
10496	Schwabach	49.33047	11.02346	t407-20260919
10499	Schwarzenbek	53.50508	10.48225	t408-20260919
10500	Seesen	51.89095	10.17847	t409-20260919
10501	Selb	50.17058	12.13054	t410-20260919
10503	Sinsheim	49.2529	8.87867	t411-20260919
10504	Sontheim an der Brenz	48.55235	10.29097	t412-20260919
10505	Spaichingen	48.07477	8.73508	t413-20260919
10506	Stadtoldendorf	51.88242	9.6265	t414-20260919
10507	Stadtprozelten	49.78466	9.41184	t415-20260919
10508	Straubing	48.88126	12.57385	t416-20260919
10509	Strausberg	52.57859	13.88741	t417-20260919
10510	Süßen	48.67934	9.75534	t418-20260919
10511	Tettau	50.46979	11.25888	t419-20260919
10512	Trostberg an der Alz	48.02802	12.55804	t420-20260919
10513	Türkheim	48.06401	10.64156	t421-20260919
10514	Uelzen	52.96449	10.56704	t422-20260919
10515	Uhingen	48.70475	9.5857	t423-20260919
10516	Urbach	48.8168	9.5769	t424-20260919
10517	Vaihingen an der Enz	48.93563	8.96045	t425-20260919
10518	Vilsbiburg	48.45296	12.35604	t426-20260919
10519	Vöhringen	48.27839	10.08236	t427-20260919
10521	Wächtersbach	50.25511	9.29564	t428-20260919
10522	Waldenbuch	48.6383	9.13256	t429-20260919
10523	Waldkraiburg	48.20854	12.39893	t430-20260919
10524	Wallersdorf	48.73767	12.74744	t431-20260919
10525	Walsrode	52.86104	9.59277	t432-20260919
10528	Wehingen	48.14533	8.79151	t433-20260919
10529	Weiden	49.67682	12.15613	t434-20260919
10530	Weilheim	47.84147	11.15484	t435-20260919
10532	Weinheim	49.54887	8.66697	t436-20260919
10533	Weißenhorn	48.30501	10.16047	t437-20260919
10534	Welzheim	48.87675	9.63434	t438-20260919
10535	Wernau	48.69306	9.41533	t439-20260919
10536	Wertheim	49.759	9.50852	t440-20260919
10537	Wertingen	48.56314	10.68149	t441-20260919
10539	Winnenden	48.87563	9.39819	t442-20260919
10541	Wittenberge	53.00005	11.74944	t443-20260919
10542	Witzenhausen	51.34103	9.8554	t444-20260919
10543	Wolfsburg	52.42452	10.7815	t445-20260919
10544	Wurzen	51.3707	12.73939	t446-20260919
10545	Zeitz	51.04962	12.1369	t447-20260919
10546	Zirndorf	49.4424	10.95414	t448-20260919
10547	Zwickau	50.72724	12.48839	t449-20260919
10548	Wemding	48.87461	10.72452	t450-20260919
10550	Nürtingen	48.62565	9.34203	t451-20260919
10551	Rostock	54.0887	12.14049	t452-20260919
10552	Ortenburg	48.54597	13.2225	t453-20260919
10554	Bürstadt	49.64266	8.45936	t454-20260919
10555	Oldenburg	53.14039	8.21479	t455-20260919
10556	Germersheim	49.2144	8.36687	t456-20260919
10557	Offenburg	48.47377	7.94495	t457-20260919
10558	Sindelfingen	48.7	9.01667	t458-20260919
10559	Neu-Ulm	48.39279	10.01112	t459-20260919
10560	Wetter	51.38747	7.39277	t460-20260919
10561	Erlangen	49.59099	11.00783	t461-20260919
10562	Neuburg an der Donau	48.73218	11.18709	t462-20260919
10563	Überlingen	47.76977	9.17136	t463-20260919
10565	Herne	51.5388	7.22572	t464-20260919
10566	Papenburg	53.07769	7.41516	t465-20260919
10568	Möglingen	48.88741	9.12694	t466-20260919
10569	Offenbach	50.10061	8.76647	t467-20260919
10570	Winterlingen	48.18333	9.11667	t468-20260919
10571	Lollar	50.64652	8.70495	t469-20260919
10572	Böblingen	48.68212	9.01171	t470-20260919
10573	Bad Kreuznach	49.8414	7.86713	t471-20260919
10575	Neuss	51.19807	6.68504	t472-20260919
10576	Bad Hersfeld	50.87197	9.70891	t473-20260919
10577	Nordhorn	52.43081	7.06833	t474-20260919
10578	Marburg an der Lahn	50.80904	8.77069	t475-20260919
10579	Schömberg	48.78713	8.64495	t476-20260919
10581	Kaiserslautern	49.443	7.77161	t477-20260919
10583	Recklinghausen	51.61379	7.19738	t478-20260919
10584	Bayreuth	49.94782	11.57893	t479-20260919
10585	Simbach am Inn	48.26548	13.02309	t480-20260919
10586	Oebisfelde	52.43421	10.98786	t481-20260919
10589	Bassum	52.85059	8.72791	t482-20260919
10591	Ganderkesee	53.03616	8.54514	t483-20260919
10592	Garrel	52.95483	8.02635	t484-20260919
10593	Oyten	53.05498	9.01995	t485-20260919
10594	Rastede	53.24508	8.19718	t486-20260919
10595	Stuhr	53.03333	8.75	t487-20260919
10596	Syke	52.91345	8.82209	t488-20260919
10597	Zeven	53.29567	9.27562	t489-20260919
10600	Mittweida	50.98622	12.97537	t490-20260919
10602	Ronneburg	50.8634	12.18666	t491-20260919
10605	Cottbus	51.75769	14.32888	t492-20260919
10607	Finsterwalde	51.63388	13.70662	t493-20260919
10609	Guben	51.94993	14.7055	t494-20260919
10612	Spremberg	51.5696	14.37385	t495-20260919
10613	Vetschau	51.78638	14.07941	t496-20260919
10614	Weißwasser	51.50403	14.64017	t497-20260919
10615	Döbeln	51.1221	13.11027	t498-20260919
10616	Olbernhau	50.6587	13.3425	t499-20260919
10617	Pirna	50.95843	13.93702	t500-20260919
10618	Radebeul	51.10654	13.66047	t501-20260919
10619	Radeburg	51.21516	13.7281	t502-20260919
10620	Riesa	51.30777	13.29168	t503-20260919
10621	Apolda	51.02624	11.51638	t504-20260919
10622	Arnstadt	50.84048	10.95198	t505-20260919
10624	Eisenach	50.9807	10.31522	t506-20260919
10626	Ilmenau	50.68322	10.91858	t507-20260919
10627	Jena	50.92878	11.5899	t508-20260919
10628	Saalfeld	50.64826	11.36536	t509-20260919
10629	Sömmerda	51.15914	11.11524	t510-20260919
10630	Suhl	50.60911	10.69401	t511-20260919
10631	Bredstedt	54.61868	8.96441	t512-20260919
10632	Glücksburg	54.83503	9.55218	t513-20260919
10633	Kappeln	54.66122	9.9313	t514-20260919
10634	Leck	54.76667	8.98333	t515-20260919
10635	Niebüll	54.78663	8.82854	t516-20260919
10636	Tarp	54.66667	9.4	t517-20260919
10637	Westerland	54.9079	8.30326	t518-20260919
10639	Frankfurt (Oder)	52.34714	14.55062	t519-20260919
10640	Beeskow	52.17291	14.24597	t520-20260919
10641	Eisenhüttenstadt	52.15	14.65	t521-20260919
10642	Seelow	52.53392	14.38128	t522-20260919
10643	Adelebsen	51.58272	9.75461	t523-20260919
10644	Bovenden	51.58836	9.9222	t524-20260919
10645	Duderstadt	51.51312	10.25951	t525-20260919
10646	Hardegsen	51.65227	9.8305	t526-20260919
10647	Heiligenstadt	49.86303	11.17185	t527-20260919
10650	Moringen	51.69915	9.87107	t528-20260919
10651	Roßdorf	49.85972	8.76167	t529-20260919
10652	Boizenburg	53.38081	10.73758	t530-20260919
10653	Buxtehude	53.46994	9.68968	t531-20260919
10655	Seevetal	53.4	9.96667	t532-20260919
10656	Ratzeburg	53.69965	10.77256	t533-20260919
10657	Reinbek	53.51773	10.24861	t534-20260919
10659	Barsinghausen	52.3	9.45	t535-20260919
10665	Sehnde	52.31394	9.9682	t536-20260919
10666	Seelze	52.39635	9.59727	t537-20260919
10667	Springe	52.20845	9.55416	t538-20260919
10668	Brunsbüttel	53.8962	9.10459	t539-20260919
10669	Hohenwestedt	54.08886	9.65359	t540-20260919
10670	Kellinghusen	53.95202	9.71959	t541-20260919
10671	Marne	53.95171	9.01069	t542-20260919
10672	Meldorf	54.09182	9.0687	t543-20260919
10673	Lensahn	54.21652	10.88326	t544-20260919
10675	Malente	54.17226	10.55968	t545-20260919
10676	Plön	54.16202	10.42765	t546-20260919
10677	Delitzsch	51.52546	12.34284	t547-20260919
10680	Oschatz	51.30001	13.10984	t548-20260919
10681	Pegau	51.16715	12.25144	t549-20260919
10683	Bad Schwartau	53.91887	10.69691	t550-20260919
10684	Grevesmühlen	53.86128	11.19054	t551-20260919
10685	Stockelsdorf	53.8922	10.64713	t552-20260919
10686	Wahlstedt	53.95313	10.21269	t553-20260919
10687	Wismar	53.89218	11.45563	t554-20260919
10688	Aken	51.85274	12.04461	t555-20260919
10689	Barleben	52.20193	11.6177	t556-20260919
10692	Calbe	51.90668	11.77478	t557-20260919
10693	Dessau	51.83864	12.24555	t558-20260919
10694	Gommern	52.07391	11.82297	t559-20260919
10696	Oschersleben	52.03039	11.22898	t560-20260919
10697	Roßlau	51.88736	12.24192	t561-20260919
10700	Zerbst	51.9662	12.08517	t562-20260919
10701	Bad Zwischenahn	53.18475	8.00286	t563-20260919
10702	Bad Bentheim	52.30066	7.15763	t564-20260919
10703	Damme	52.52148	8.19766	t565-20260919
10707	Jülich	50.92149	6.36267	t566-20260919
10709	Bad Meinberg	51.89588	8.98313	t567-20260919
10710	Bad Oeynhausen	52.20699	8.80365	t568-20260919
10711	Bad Pyrmont	51.98589	9.25246	t569-20260919
10712	Hiddenhausen	52.16667	8.61667	t570-20260919
10716	Mechernich	50.59304	6.65224	t571-20260919
10718	Büttelborn	49.90333	8.52333	t572-20260919
10720	Groß-Umstadt	49.86899	8.9321	t573-20260919
10721	Groß-Zimmern	49.8741	8.82898	t574-20260919
10723	Weiterstadt	49.9039	8.58874	t575-20260919
10724	Asseln	51.52829	7.58914	t576-20260919
10725	Fröndenberg	51.47563	7.76946	t577-20260919
10726	Straelen	51.4419	6.26639	t578-20260919
10727	Brüggen	51.24053	6.18376	t579-20260919
10728	Ennepetal	51.29848	7.3629	t580-20260919
10729	Korschenbroich	51.19139	6.51352	t581-20260919
10730	Nettetal	51.31667	6.28333	t582-20260919
10732	Bruchköbel	50.17853	8.92315	t583-20260919
10733	Kelkheim	50.13703	8.4502	t584-20260919
10734	Langenselbold	50.17657	9.04003	t585-20260919
10737	Bellheim	49.19833	8.27944	t586-20260919
10738	Maikammer	49.30528	8.13167	t587-20260919
10741	Rülzheim	49.15312	8.29287	t588-20260919
10742	Herdecke	51.39999	7.43584	t589-20260919
10744	Westhofen	51.42302	7.53306	t590-20260919
10745	Nordkirchen	51.73827	7.52197	t591-20260919
10746	Baunatal	51.25182	9.40747	t592-20260919
10747	Lohfelden	51.26667	9.53333	t593-20260919
10749	Boppard	50.23085	7.58992	t594-20260919
10750	Ettringen	48.1	10.65	t595-20260919
10751	Hadamar	50.44593	8.04253	t596-20260919
10752	Kaisersesch	50.23148	7.13864	t597-20260919
10753	Lahnstein	50.3	7.61667	t598-20260919
10754	Mayen	50.32797	7.22277	t599-20260919
10755	Bedburg	50.99258	6.57128	t600-20260919
10758	Kürten	51.05	7.26667	t601-20260919
10759	Wiehl	50.9495	7.55062	t602-20260919
10760	Kaldenkirchen	51.32035	6.1983	t603-20260919
10763	Tönisvorst	51.32092	6.49412	t604-20260919
10765	Eltville	50.02858	8.11754	t605-20260919
10766	Flörsheim	50.01311	8.42779	t606-20260919
10769	Raunheim	50.0132	8.45253	t607-20260919
10770	Rüdesheim	49.84546	7.81452	t608-20260919
10771	Sontra	51.07171	9.93558	t609-20260919
10772	Sprendlingen	49.86667	7.98333	t610-20260919
10774	Lüdinghausen	51.7683	7.44379	t611-20260919
10775	Blieskastel	49.23724	7.25617	t612-20260919
10776	Lebach	49.41122	6.90988	t613-20260919
10777	Püttlingen	49.2855	6.88723	t614-20260919
10780	Dudenhofen	49.31861	8.38861	t615-20260919
10781	Eppertshausen	49.95056	8.85389	t616-20260919
10784	Hösbach	50.00646	9.20765	t617-20260919
10785	Mömbris	50.06921	9.16371	t618-20260919
10786	Stockstadt am Main	49.97005	9.07153	t619-20260919
10788	Langweid	48.49095	10.8531	t620-20260919
10790	Bad Dürrheim	48.02093	8.53056	t621-20260919
10791	Bad Krozingen	47.91667	7.7	t622-20260919
10792	Donaueschingen	47.95514	8.49707	t623-20260919
10793	Titisee-Neustadt	47.92104	8.19063	t624-20260919
10796	Klingenthal	50.35963	12.46463	t625-20260919
10797	Markneukirchen	50.31144	12.32951	t626-20260919
10798	Naila	50.33034	11.70463	t627-20260919
10799	Oberkotzau	50.26236	11.93484	t628-20260919
10801	Plauen	50.4973	12.13782	t629-20260919
10802	Forbach	48.68333	8.35	t630-20260919
10803	Mühlacker	48.94754	8.83675	t631-20260919
10804	Östringen	49.21911	8.71192	t632-20260919
10805	Wörth am Rhein	49.04888	8.25959	t633-20260919
10808	Meckenbeuren	47.7	9.56667	t634-20260919
10809	Mengen	48.04951	9.33005	t635-20260919
10810	Salem	47.76258	9.29031	t636-20260919
10812	Tettnang	47.66857	9.59132	t637-20260919
10815	Pfarrkirchen	48.43205	12.93812	t638-20260919
10816	Schriesheim	49.47372	8.6636	t639-20260919
10818	Erding	48.30603	11.90686	t640-20260919
10819	Fürstenfeldbruck	48.17904	11.2547	t641-20260919
10820	Gauting	48.06919	11.37703	t642-20260919
10821	Grünwald	48.03947	11.5232	t643-20260919
10824	Starnberg	48.00193	11.34416	t644-20260919
10825	Bad Windsheim	49.50274	10.41539	t645-20260919
10826	Pegnitz	49.75216	11.54187	t646-20260919
10828	Baiersbronn	48.50318	8.37699	t647-20260919
10829	Loßburg	48.4	8.45	t648-20260919
10831	Renchen	48.5885	8.01321	t649-20260919
10832	Schutterwald	48.45	7.88333	t650-20260919
10833	Willstätt	48.54071	7.89314	t651-20260919
10834	Ergoldsbach	48.69263	12.20442	t652-20260919
10836	Plattling	48.77866	12.87509	t653-20260919
10837	Regenstauf	49.12014	12.13027	t654-20260919
10838	Roding	49.19426	12.51956	t655-20260919
10840	Alpirsbach	48.34507	8.40197	t656-20260919
10841	Gomaringen	48.45349	9.09582	t657-20260919
10842	Kusterdingen	48.52291	9.11977	t658-20260919
10843	Pfullingen	48.46458	9.22796	t659-20260919
10846	Aidlingen	48.67849	8.89524	t660-20260919
10847	Althengstett	48.72325	8.79434	t661-20260919
10848	Leinfelden-Echterdingen	48.69406	9.16809	t662-20260919
10849	Ehningen	48.65882	8.94124	t663-20260919
10851	Wildberg	48.62336	8.74518	t664-20260919
10852	Bietigheim-Bissingen	48.94407	9.11755	t665-20260919
10853	Dettingen unter Teck	48.61667	9.45	t666-20260919
10854	Ebersbach an der Fils	48.716	9.5236	t667-20260919
10855	Eislingen	48.69515	9.70676	t668-20260919
10856	Ostfildern	48.72704	9.24954	t669-20260919
10857	Plochingen	48.71067	9.41949	t670-20260919
10859	Dillingen an der Donau	48.58153	10.49527	t671-20260919
10862	Mömlingen	49.85972	9.08333	t672-20260919
10863	Ochsenfurt	49.66429	10.06227	t673-20260919
10864	Tauberbischofsheim	49.62472	9.66278	t674-20260919
10865	Walldürn	49.58358	9.36642	t675-20260919
10866	Landau an der Isar	48.67249	12.69316	t676-20260919
10867	Lüdenscheid	51.21977	7.6273	t677-20260919
10868	Singen	47.75935	8.8403	t678-20260919
10869	Werdohl	51.26011	7.76608	t679-20260919
10870	Achern	48.63115	8.07607	t680-20260919
10871	Ankum	52.54153	7.87478	t681-20260919
10873	Ahaus	52.07936	7.01344	t682-20260919
10874	Erfurt	50.97734	11.03536	t683-20260919
10875	Magdeburg	52.13129	11.63189	t684-20260919
10877	Aldenhoven	50.9	6.28333	t685-20260919
10878	Alfter	50.73333	7.01667	t686-20260919
10880	Oststeinbek	53.54321	10.16939	t687-20260919
10881	Elsenfeld	49.84289	9.16355	t688-20260919
10883	Allersberg	49.25132	11.23659	t689-20260919
10884	Alsdorf	50.87673	6.16399	t690-20260919
10885	Baar-Ebenhausen	48.67065	11.46983	t691-20260919
10886	Altena	51.29472	7.67337	t692-20260919
10888	Altenkirchen	50.68594	7.64176	t693-20260919
10889	Alzey	49.74657	8.11513	t694-20260919
10890	Amberg	49.44287	11.86267	t695-20260919
10891	Andernach	50.43109	7.40425	t696-20260919
10892	Arnsberg	51.38333	8.08333	t697-20260919
10894	Aschaffenburg	49.97704	9.15214	t698-20260919
10895	Ascheberg	51.78333	7.61667	t699-20260919
10896	Attendorn	51.12645	7.90333	t700-20260919
10897	Augustdorf	51.90944	8.73173	t701-20260919
10899	Bad Bramstedt	53.91827	9.88243	t702-20260919
10900	Bad Camberg	50.29695	8.26896	t703-20260919
10901	Bad Dürkheim	49.4618	8.17236	t704-20260919
10902	Badendorf	53.86773	10.57717	t705-20260919
10903	Bad Essen	52.31667	8.33333	t706-20260919
10906	Bad Lippspringe	51.78333	8.81683	t707-20260919
10907	Bad Nauheim	50.36463	8.73859	t708-20260919
10908	Bad Säckingen	47.55371	7.94612	t709-20260919
10909	Bad Salzuflen	52.0862	8.74434	t710-20260919
10910	Bad Schwalbach	50.14196	8.06964	t711-20260919
10911	Bad Vilbel	50.17866	8.73756	t712-20260919
10912	Bad Wildungen	51.11963	9.12475	t713-20260919
10913	Baden-Baden	48.7606	8.23975	t714-20260919
10914	Baesweiler	50.90964	6.18874	t715-20260919
10915	Balve	51.3315	7.86424	t716-20260919
10916	Beckum	51.75571	8.04075	t717-20260919
10917	Beerfelden	49.56858	8.97444	t718-20260919
10919	Bensheim	49.68369	8.61839	t719-20260919
10920	Bergheim	50.95572	6.63986	t720-20260919
10923	Bergneustadt	51.02496	7.65599	t721-20260919
10924	Bestwig	51.36081	8.40082	t722-20260919
10925	Betzdorf	50.79094	7.87189	t723-20260919
10926	Bexbach	49.34615	7.25527	t724-20260919
10928	Biedenkopf	50.91125	8.53016	t725-20260919
10929	Bingen	48.11127	9.27238	t726-20260919
10930	Bischofsheim	49.99389	8.36722	t727-20260919
10931	Blankenheim	50.43333	6.65	t728-20260919
10932	Blomberg	51.94331	9.09067	t729-20260919
10933	Blumberg	47.84058	8.53329	t730-20260919
10934	Dahlhausen	51.427	7.14808	t731-20260919
10935	Wattenscheid	51.48057	7.14251	t732-20260919
10936	Boffzen	51.75065	9.39824	t733-20260919
10937	Bohmte	52.36667	8.31667	t734-20260919
10938	Bönen	51.6	7.76667	t735-20260919
10939	Bonndorf	47.81863	8.34139	t736-20260919
10941	Bornheim	50.76313	6.99089	t737-20260919
10942	Bottrop	51.52392	6.9285	t738-20260919
10943	Bötzingen	48.07642	7.72485	t739-20260919
10945	Brakel	51.7175	9.18596	t740-20260919
10946	Bramsche	52.40839	7.98327	t741-20260919
10947	Breidenbach	50.88734	8.45748	t742-20260919
10948	Blumenthal	54.23333	10.0	t743-20260919
10950	Bretten	49.03685	8.70745	t744-20260919
10952	Brilon	51.39462	8.57146	t745-20260919
10953	Bruchsal	49.12426	8.59804	t746-20260919
10954	Brühl	50.82928	6.90499	t747-20260919
10956	Bückeburg	52.26065	9.04939	t748-20260919
10958	Büdingen	50.29013	9.1114	t749-20260919
10959	Buggingen	47.8475	7.63799	t750-20260919
10960	Bullay	50.05448	7.1373	t751-20260919
10961	Bünde	52.19837	8.58644	t752-20260919
10962	Burscheid	51.08468	7.11393	t753-20260919
10963	Butzbach	50.43395	8.67122	t754-20260919
10964	Castrop-Rauxel	51.55657	7.31155	t755-20260919
10966	Coesfeld	51.94349	7.16809	t756-20260919
10967	Dachau	48.26	11.43402	t757-20260919
10968	Datteln	51.65598	7.3453	t758-20260919
10969	Delbrück	51.76503	8.56223	t759-20260919
10970	Delmenhorst	53.0511	8.63091	t760-20260919
10971	Denzlingen	48.06667	7.88333	t761-20260919
10972	Dieburg	49.89738	8.84613	t762-20260919
10973	Dietzenbach	50.00976	8.77783	t763-20260919
10974	Dillenburg	50.74114	8.28699	t764-20260919
10975	Dinslaken	51.56227	6.7434	t765-20260919
10976	Dissen	52.11591	8.19956	t766-20260919
10977	Dormagen	51.09683	6.83167	t767-20260919
10978	Dorsten	51.66166	6.96514	t768-20260919
10980	Drensteinfurt	51.79535	7.73815	t769-20260919
10984	Dülmen	51.83149	7.28075	t770-20260919
10985	Eckernförde	54.46854	9.83824	t771-20260919
10986	Ehringshausen	50.6	8.38333	t772-20260919
10987	Eisenberg	50.9686	11.90207	t773-20260919
10988	Eitorf	50.76667	7.45	t774-20260919
10989	Elmshorn	53.74912	9.66176	t775-20260919
10990	Elsdorf	50.93739	6.56828	t776-20260919
10991	Emden	53.36592	7.20846	t777-20260919
10992	Emmelshausen	50.15484	7.55185	t778-20260919
10993	Emmendingen	48.12096	7.85359	t779-20260919
10995	Engelskirchen	50.98854	7.41391	t780-20260919
10996	Erbach	49.66148	8.99402	t781-20260919
10997	Erftstadt	50.81481	6.79387	t782-20260919
10998	Erkelenz	51.07947	6.31531	t783-20260919
10999	Erkrath	51.22235	6.90831	t784-20260919
11000	Eschborn	50.14328	8.57111	t785-20260919
11001	Eschweiler	50.81854	6.27184	t786-20260919
11002	Berlin	52.52437	13.41053	t787-20260919
11003	Bielefeld	52.03333	8.53333	t788-20260919
11004	Bonn	50.73438	7.09549	t789-20260919
11005	Bremen	53.07582	8.80717	t790-20260919
11006	Dortmund	51.51494	7.466	t791-20260919
11007	Duisburg	51.43247	6.76516	t792-20260919
11008	Düsseldorf	51.22319	6.77927	t793-20260919
11009	Essen	51.45657	7.01228	t794-20260919
11010	Frankfurt am Main	50.11552	8.68417	t795-20260919
11011	Freiburg	47.9959	7.85222	t796-20260919
11012	Hamburg	53.55073	9.99302	t797-20260919
11013	Hannover	52.37052	9.73322	t798-20260919
11014	Karlsruhe	49.00937	8.40444	t799-20260919
11015	Kassel	51.31667	9.5	t800-20260919
11016	Kiel	54.32133	10.13489	t801-20260919
11017	Koblenz	50.35357	7.57883	t802-20260919
11018	Konstanz	47.66033	9.17582	t803-20260919
11019	Köln	50.93333	6.95	t804-20260919
11020	Mainz	49.98185	8.28008	t805-20260919
11021	Mannheim	49.4891	8.46694	t806-20260919
11022	München	48.13743	11.57549	t807-20260919
11023	Münster	51.96236	7.62571	t808-20260919
11024	Nürnberg	49.45421	11.07752	t809-20260919
11025	Regensburg	49.01513	12.10161	t810-20260919
11026	Saarbrücken	49.23262	7.00982	t811-20260919
11027	Stuttgart	48.78232	9.17702	t812-20260919
11028	Ulm	48.39841	9.99155	t813-20260919
11029	Würzburg	49.79391	9.95121	t814-20260919
11030	Fulda	50.55162	9.67518	t815-20260919
11031	Wuppertal	51.25627	7.14816	t816-20260919
11032	Gießen	50.58727	8.67554	t817-20260919
11033	Heidelberg	49.40768	8.69079	t818-20260919
11034	Passau	48.5665	13.43122	t819-20260919
11035	Dresden	51.05089	13.73832	t820-20260919
11036	Augsburg	48.37154	10.89851	t821-20260919
11037	Gelsenkirchen	51.50508	7.09654	t822-20260919
11038	Mutlangen	48.82588	9.79714	t823-20260919
11039	Bobingen	48.27091	10.8339	t824-20260919
11041	Waiblingen	48.83241	9.31641	t825-20260919
11042	Reutlingen	48.49144	9.20427	t826-20260919
11043	Tübingen	48.52266	9.05222	t827-20260919
11044	Göppingen	48.70354	9.65209	t828-20260919
11045	Ravensburg	47.78198	9.61062	t829-20260919
11046	Friedrichshafen	47.65689	9.47554	t830-20260919
11047	Sigmaringen	48.08829	9.23033	t831-20260919
11048	Ludwigsburg	48.89731	9.19161	t832-20260919
11049	Schwäbisch Gmünd	48.79947	9.79809	t833-20260919
11050	Schwäbisch Hall	49.11127	9.73908	t834-20260919
11051	Heilbronn	49.13995	9.22054	t835-20260919
11052	Emmerich	51.83933	6.24792	t836-20260919
11053	Rottweil	48.16783	8.62719	t837-20260919
11054	Hildesheim	52.15077	9.95112	t838-20260919
11055	Osnabrück	52.27264	8.0498	t839-20260919
11056	Wiesbaden	50.08601	8.24435	t840-20260919
11057	Ahlen	51.76338	7.8887	t841-20260919
11059	Wolfenbüttel	52.16442	10.54095	t842-20260919
11062	Mülheim	51.43218	6.87967	t843-20260919
11063	Müllheim	47.8082	7.63035	t844-20260919
11064	Paderborn	51.71905	8.75439	t845-20260919
11065	Detmold	51.93855	8.87318	t846-20260919
11066	Krefeld	51.33645	6.55381	t847-20260919
11067	Bamberg	49.89873	10.90067	t848-20260919
11068	Saarlouis	49.31366	6.75154	t849-20260919
11071	Krumbach	48.24182	10.3632	t850-20260919
11072	Rottenburg	48.47629	8.93528	t851-20260919
11073	Pfalzgrafenweiler	48.5265	8.56582	t852-20260919
11075	Hamminkeln	51.73262	6.59031	t853-20260919
11076	Remscheid	51.17983	7.1925	t854-20260919
11077	Hagen	51.36081	7.47168	t855-20260919
11078	Salzgitter	52.15705	10.4154	t856-20260919
11079	Darmstadt	49.87167	8.65027	t857-20260919
11080	Herrenberg	48.59523	8.86648	t858-20260919
11081	Fürth	49.47593	10.98856	t859-20260919
11082	Waldshut-Tiengen	47.62323	8.21717	t860-20260919
11083	Tuttlingen	47.98464	8.8177	t861-20260919
11084	Bergkamen	51.61633	7.64451	t862-20260919
11085	Hof	50.31297	11.91261	t863-20260919
11086	Albstadt	48.21644	9.02596	t864-20260919
11087	Plettenberg	51.20949	7.87261	t865-20260919
11088	Worms	49.63278	8.35916	t866-20260919
11089	Halle (Saale)	51.48158	11.97947	t867-20260919
11090	Lemgo	52.02786	8.89901	t868-20260919
11092	Bad Ems	50.33544	7.71369	t869-20260919
11093	Maulbronn	48.99958	8.80337	t870-20260919
11094	Ludwigshafen am Rhein	49.48121	8.44641	t871-20260919
11095	Bocholt	51.83879	6.61531	t872-20260919
11096	Bautzen	51.18035	14.43494	t873-20260919
11097	Weimar	50.9803	11.32903	t874-20260919
11098	Radevormwald	51.20219	7.36027	t875-20260919
11099	Chemnitz	50.8357	12.92922	t876-20260919
11100	Leipzig	51.33962	12.37129	t877-20260919
11101	Lüneburg	53.25122	10.41548	t878-20260919
11102	Siegen	50.87481	8.02431	t879-20260919
11103	Hemmingen	52.31425	9.72359	t880-20260919
11105	Göttingen	51.53443	9.93228	t881-20260919
11106	Ansbach	49.30481	10.5931	t882-20260919
11107	Schweinfurt	50.04937	10.22175	t883-20260919
11108	Ingolstadt	48.76508	11.42372	t884-20260919
11111	Calw	48.71419	8.74031	t885-20260919
11114	Gronau	52.21099	7.02238	t886-20260919
11115	Donauwörth	48.71804	10.7793	t887-20260919
11116	Bremerhaven	53.55357	8.57553	t888-20260919
11117	Lübeck	53.86893	10.68729	t889-20260919
11118	Flensburg	54.78805	9.43722	t890-20260919
11119	Pforzheim	48.88436	8.69892	t891-20260919
11120	Balingen	48.27525	8.85464	t892-20260919
11121	Esslingen	48.73961	9.30473	t893-20260919
11122	Düren	50.80434	6.49299	t894-20260919
11123	Kehl	48.57297	7.81523	t895-20260919
11124	Wetzlar	50.56109	8.50495	t896-20260919
11125	Trier	49.75565	6.63935	t897-20260919
11126	Bochum	51.48165	7.21648	t898-20260919
11127	Hamm	51.68033	7.82089	t899-20260919
11128	Mönchengladbach	51.18539	6.44172	t900-20260919
11129	Cuxhaven	53.86828	8.69902	t901-20260919
16705	Oberhausen	51.47805	6.8625	t902-20260919
16733	Wernigerode	51.83652	10.78216	t903-20260919
16741	Asbach-Bäumenheim	48.68333	10.81667	t904-20260919
16752	Kirchseeon	48.07143	11.88875	t905-20260919
16754	Braunschweig	52.26594	10.52673	t906-20260919
16755	Greffern	48.75205	8.00515	t907-20260919
16756	Weißenthurm	50.41719	7.45072	t908-20260919
16757	Leipheim	48.45004	10.22278	t909-20260919
16759	Schramberg	48.22399	8.38583	t910-20260919
16760	Weil der Stadt	48.74953	8.87176	t911-20260919
16761	Weingarten	47.81009	9.63863	t912-20260919
16762	Wendlingen am Neckar	48.67124	9.37632	t913-20260919
16764	Wirges	50.47195	7.79844	t914-20260919
16795	Ludwigslust	53.32451	11.49714	t915-20260919
17802	Norden	53.59549	7.20615	t916-20260919
17807	Budenheim	50.01667	8.16667	t917-20260919
17843	Hannoversch Münden	51.41505	9.65046	t918-20260919
17924	Bad Neuenahr-Ahrweiler	50.54322	7.1113	t919-20260919
17930	Rethem	52.78501	9.37871	t920-20260919
17931	Clausthal-Zellerfeld	51.80949	10.33821	t921-20260919
17933	Nottuln	51.93333	7.35	t922-20260919
17936	Parchim	53.42631	11.84875	t923-20260919
18944	Meckenheim	50.62388	7.02942	t924-20260919
18946	Kierspe	51.13403	7.59075	t925-20260919
18947	Burgbrohl	50.45463	7.2772	t926-20260919
18948	Wörrstadt	49.84861	8.12417	t927-20260919
18949	Aichach	48.45755	11.13413	t928-20260919
18950	Renningen	48.76974	8.93871	t929-20260919
18951	Heidenheim	49.01719	10.74347	t930-20260919
18954	Triberg	48.13175	8.23317	t931-20260919
18955	Rahden	52.43425	8.61266	t932-20260919
18957	Achim	53.01416	9.0263	t933-20260919
18959	Neckarsulm	49.18912	9.22527	t934-20260919
18962	Sulz am Neckar	48.36241	8.63309	t935-20260919
18963	Dreieich	50.01997	8.69611	t936-20260919
18966	Marbach am Neckar	48.93964	9.25995	t937-20260919
18989	Gärtringen	48.64176	8.90073	t938-20260919
19015	Sontheim	48.00704	10.35461	t939-20260919
20024	Rennerod	50.6082	8.06697	t940-20260919
20025	Hachenburg	50.65998	7.82276	t941-20260919
20026	Adenau	50.38238	6.93291	t942-20260919
20027	Verl	51.88333	8.51667	t943-20260919
20028	Sundern	51.3281	8.00369	t944-20260919
20030	Aachen	50.77664	6.08342	t945-20260919
20031	Ahrensburg	53.67661	10.23705	t946-20260919
